area,name,price,unit_price,place
广渠家园,695万,62.34平米,"111,486元/平",dongcheng
本家润园一期,1850万,154.09平米,"120,060元/平",dongcheng
东四北大街,675万,61.7平米,"109,401元/平",dongcheng
豆瓣胡同,935万,71.44平米,"130,880元/平",dongcheng
海运仓小区,650万,47.87平米,"135,785元/平",dongcheng
国瑞城中区,633万,58.67平米,"107,892元/平",dongcheng
西营房,496万,36.31平米,"136,602元/平",dongcheng
小黄庄一区,732万,68.39平米,"107,034元/平",dongcheng
西革新里110号院,376万,44.44平米,"84,609元/平",dongcheng
建予园,758万,105.73平米,"71,693元/平",dongcheng
金鱼池西区,670万,61.48平米,"108,979元/平",dongcheng
安馨园,2750万,311.87平米,"88,178元/平",dongcheng
新景家园东区,880万,79.93平米,"110,097元/平",dongcheng
安外花园,679万,60.76平米,"111,752元/平",dongcheng
景泰西里西区,705万,88.23平米,"79,905元/平",dongcheng
东花市北里中区,1100万,139.04平米,"79,114元/平",dongcheng
中海紫御公馆,1028万,90.08平米,"114,121元/平",dongcheng
东花市北里东区,870万,85.43平米,"101,838元/平",dongcheng
美术馆后街,685万,60.3平米,"113,599元/平",dongcheng
朝阳门南小街,930万,80.32平米,"115,787元/平",dongcheng
新景家园西区,688万,58.45平米,"117,708元/平",dongcheng
和平里中街3号院,1130万,95.27平米,"118,611元/平",dongcheng
北官厅胡同甲二号院,710万,57.12平米,"124,300元/平",dongcheng
沙子口路70号,331万,38.28平米,"86,469元/平",dongcheng
交道口北三条,660万,56.15平米,"117,543元/平",dongcheng
领行国际,536万,58.06平米,"92,319元/平",dongcheng
富贵园三区,728万,76.46平米,"95,214元/平",dongcheng
忠实里,720万,82.2平米,"87,592元/平",dongcheng
龙潭北里,630万,65.37平米,"96,375元/平",dongcheng
天坛东里中区,430万,45.59平米,"94,319元/平",dongcheng
中海紫御公馆,1200万,91.44平米,"131,234元/平",dongcheng
阳光都市,2200万,240.55平米,"91,458元/平",dongcheng
国瑞城中区,1699万,157.42平米,"107,928元/平",dongcheng
东花市北里东区,890万,75.16平米,"118,415元/平",dongcheng
板厂南里,590万,50.04平米,"117,906元/平",dongcheng
海运仓小区,1070万,88.93平米,"120,320元/平",dongcheng
幸福北里,752万,70.46平米,"106,728元/平",dongcheng
保利蔷薇,1130万,92.34平米,"122,374元/平",dongcheng
潘家坡胡同4号院,725万,66.45平米,"109,105元/平",dongcheng
小黄庄一区,765万,72.44平米,"105,605元/平",dongcheng
竹杆胡同,810万,68.25平米,"118,682元/平",dongcheng
朝阳门内大街,924万,117平米,"78,975元/平",dongcheng
金桥国际,619万,63.35平米,"97,712元/平",dongcheng
竹杆胡同,799万,71.96平米,"111,034元/平",dongcheng
保利蔷薇,716万,59.25平米,"120,844元/平",dongcheng
百荣嘉园,371万,43.76平米,"84,781元/平",dongcheng
民旺园,808万,70.71平米,"114,270元/平",dongcheng
广渠门内大街,655万,63.93平米,"102,456元/平",dongcheng
沙滩后街55号院,780万,56.91平米,"137,059元/平",dongcheng
新奥洋房,549万,62.42平米,"87,953元/平",dongcheng
水上华城,830万,66.1平米,"125,568元/平",dongcheng
东直门北大街,542万,48.26平米,"112,309元/平",dongcheng
东环居苑,632万,57.71平米,"109,514元/平",dongcheng
太华公寓,1249万,231.13平米,"54,039元/平",dongcheng
青年湖东里,720万,63.82平米,"112,818元/平",dongcheng
美术馆后街,798万,60.68平米,"131,510元/平",dongcheng
富贵园一区,2030万,144.71平米,"140,281元/平",dongcheng
琉璃井东街,486万,54.65平米,"88,930元/平",dongcheng
新景家园西区,1270万,116.4平米,"109,107元/平",dongcheng
新中西街,608万,58.61平米,"103,737元/平",dongcheng
革新里24号院,535万,72.8平米,"73,490元/平",dongcheng
左安浦园,880万,91.57平米,"96,102元/平",dongcheng
美术馆后街,705万,56.26平米,"125,312元/平",dongcheng
绿景馨园,900万,85.23平米,"105,597元/平",dongcheng
东皇城根南街,640万,58.3平米,"109,778元/平",dongcheng
广渠门内大街,623万,60.38平米,"103,180元/平",dongcheng
柏林寺西,688万,56.55平米,"121,663元/平",dongcheng
花市枣苑二期,786万,73.01平米,"107,657元/平",dongcheng
左安浦园,880万,97.63平米,"90,137元/平",dongcheng
北河沿大街,640万,53.03平米,"120,687元/平",dongcheng
民旺园,730万,56.64平米,"128,885元/平",dongcheng
绿景苑,695万,64平米,"108,594元/平",dongcheng
长安太和,2800万,229.85平米,"121,819元/平",dongcheng
和平里中街3号院,1380万,106.98平米,"128,997元/平",dongcheng
富莱茵花园,510万,69.56平米,"73,318元/平",dongcheng
元嘉国际公寓,815万,90.4平米,"90,155元/平",dongcheng
海晟名苑南区,1920万,142.04平米,"135,174元/平",dongcheng
聚龙花园,1290万,180.58平米,"71,437元/平",dongcheng
苏州胡同,590万,53.61平米,"110,055元/平",dongcheng
保利蔷薇,1026万,88.06平米,"116,512元/平",dongcheng
金鱼池西区,650万,61.8平米,"105,178元/平",dongcheng
朝阳首府,2390万,247.09平米,"96,726元/平",dongcheng
新景家园东区,765万,59.65平米,"128,249元/平",dongcheng
海运仓小区,1150万,95.18平米,"120,824元/平",dongcheng
本家润园C区,1130万,97.45平米,"115,957元/平",dongcheng
西水井胡同,1150万,96.74平米,"118,876元/平",dongcheng
兴隆都市馨园,405万,29.36平米,"137,943元/平",dongcheng
华龙美晟,698万,67.53平米,"103,362元/平",dongcheng
京城仁合,1050万,114.51平米,"91,696元/平",dongcheng
丽水湾畔家园,1100万,130平米,"84,616元/平",dongcheng
景泰西里西区,445万,56.82平米,"78,318元/平",dongcheng
小黄庄一区,1130万,90.28平米,"125,167元/平",dongcheng
培新街乙5号院,625万,55.15平米,"113,328元/平",dongcheng
左安浦园,768万,89.45平米,"85,859元/平",dongcheng
安德路乙61号院,696万,59.32平米,"117,330元/平",dongcheng
复康南里,450万,47.55平米,"94,638元/平",dongcheng
金鱼池西区,660万,61.33平米,"107,615元/平",dongcheng
富贵园四区,1600万,131.09平米,"122,054元/平",dongcheng
民委三舍,1300万,115.52平米,"112,535元/平",dongcheng
光明楼,588万,54.19平米,"108,508元/平",dongcheng
美术馆后街,860万,72.88平米,"118,003元/平",dongcheng
富莱茵花园,485万,68.62平米,"70,680元/平",dongcheng
灯市口大街,870万,68.82平米,"126,417元/平",dongcheng
东四块玉南街,559万,52.7平米,"106,073元/平",dongcheng
百荣嘉园,375万,43.16平米,"86,887元/平",dongcheng
当代MOMA,2050万,189.66平米,"108,089元/平",dongcheng
新景家园东区,885万,82.41平米,"107,390元/平",dongcheng
林调社区,1235万,85.42平米,"144,580元/平",dongcheng
前永康二巷,550万,42.71平米,"128,776元/平",dongcheng
安外大街3号院,585万,54.94平米,"106,480元/平",dongcheng
前门东大街,630万,55.75平米,"113,005元/平",dongcheng
前门东大街,590万,52.22平米,"112,984元/平",dongcheng
什锦花园胡同21号院,655万,49.04平米,"133,565元/平",dongcheng
禄米仓胡同,980万,88.31平米,"110,973元/平",dongcheng
幸福北里,635万,57.41平米,"110,608元/平",dongcheng
东交民巷21号院,620万,49.38平米,"125,557元/平",dongcheng
东直门北大街,765万,81.51平米,"93,854元/平",dongcheng
广渠家园,530万,51.04平米,"103,841元/平",dongcheng
东直门北大街,660万,60.11平米,"109,799元/平",dongcheng
法华南里,599万,57.25平米,"104,629元/平",dongcheng
海运仓小区,770万,74.68平米,"103,107元/平",dongcheng
和平里中街3号院,1088万,82.95平米,"131,164元/平",dongcheng
外交部街33号院,1300万,82.41平米,"157,748元/平",dongcheng
东中街,1168万,107.35平米,"108,803元/平",dongcheng
广渠门外南街,628万,68.11平米,"92,204元/平",dongcheng
广渠门内大街,731万,69.8平米,"104,728元/平",dongcheng
东四二条11号院,738万,56.97平米,"129,542元/平",dongcheng
春秀路,685万,60.63平米,"112,981元/平",dongcheng
国瑞城中区,938万,89.01平米,"105,382元/平",dongcheng
太华公寓,708万,104.38平米,"67,830元/平",dongcheng
金鱼池中区,749万,89.78平米,"83,427元/平",dongcheng
朝内大街203号院,660万,50.43平米,"130,875元/平",dongcheng
北竹杆胡同,780万,68.16平米,"114,437元/平",dongcheng
天天家园,940万,126.73平米,"74,174元/平",dongcheng
向新西里,528万,54.47平米,"96,935元/平",dongcheng
华龙美晟,666万,80.77平米,"82,457元/平",dongcheng
西营房,898万,81.74平米,"109,861元/平",dongcheng
朝内大街203号院,985万,75.42平米,"130,602元/平",dongcheng
台基厂头条2号院,1380万,101.24平米,"136,310元/平",dongcheng
东堂子胡同,360万,56.78平米,"63,403元/平",dongcheng
本家润园C区,765万,77.71平米,"98,443元/平",dongcheng
小黄庄一区,1030万,89.26平米,"115,394元/平",dongcheng
和平里三区,640万,46.13平米,"138,739元/平",dongcheng
东四西大街,668万,52.17平米,"128,043元/平",dongcheng
东四十条,750万,73.09平米,"102,614元/平",dongcheng
安德路47号院,820万,70.37平米,"116,527元/平",dongcheng
黄寺大街2号院,980万,94.69平米,"103,496元/平",dongcheng
琉璃井东街,485万,50.71平米,"95,642元/平",dongcheng
安定路,850万,72.64平米,"117,016元/平",dongcheng
新景家园西区,970万,91.32平米,"106,220元/平",dongcheng
交科院,970万,83.6平米,"116,029元/平",haidian
普惠北里,550万,63.8平米,"86,207元/平",haidian
翠微东里,730万,53.6平米,"136,195元/平",haidian
会城门小区,415万,41.5平米,"100,000元/平",haidian
缘溪堂,4200万,418.05平米,"100,467元/平",haidian
普惠北里,595万,60.9平米,"97,702元/平",haidian
铭科苑,680万,114.24平米,"59,524元/平",haidian
远大园六区,1620万,156.47平米,"103,535元/平",haidian
信悦华庭,1288万,147.87平米,"87,104元/平",haidian
诚品建筑,1500万,122.85平米,"122,101元/平",haidian
碧森里,406万,41.59平米,"97,620元/平",haidian
橙色年代,669万,94.22平米,"71,005元/平",haidian
学院南路60号院,628万,58.9平米,"106,622元/平",haidian
复兴路79号院,540万,66.4平米,"81,326元/平",haidian
普惠南里,603万,60.4平米,"99,835元/平",haidian
清缘里中区,599万,85.76平米,"69,847元/平",haidian
小营东路7号院,996万,125.91平米,"79,105元/平",haidian
玉泉路16号院,750万,81.9平米,"91,576元/平",haidian
华盛家园,1320万,135.71平米,"97,267元/平",haidian
铁东小区,510万,51.1平米,"99,805元/平",haidian
碧兴园,1150万,119.89平米,"95,922元/平",haidian
昌运宫,658万,72.6平米,"90,634元/平",haidian
恩济里小区,585万,63.4平米,"92,272元/平",haidian
百朗园,930万,155.93平米,"59,643元/平",haidian
万寿路12号院,690万,64.1平米,"107,645元/平",haidian
蓟门东里,613万,61.7平米,"99,352元/平",haidian
北洼西里,1130万,116.2平米,"97,247元/平",haidian
紫竹院98号院,750万,78.15平米,"95,970元/平",haidian
燕北园,588万,58.3平米,"100,858元/平",haidian
永泰东里,650万,80.56平米,"80,686元/平",haidian
紫金庄园,950万,92.8平米,"102,371元/平",haidian
人济山庄,1568万,161.54平米,"97,066元/平",haidian
青年公寓,410万,41.3平米,"99,274元/平",haidian
七贤村,470万,49.6平米,"94,759元/平",haidian
建设部大院,810万,62.4平米,"129,808元/平",haidian
豪柏国际公寓,800万,83.02平米,"96,363元/平",haidian
阜光里小区,800万,81.2平米,"98,523元/平",haidian
建材城东二里,451万,66.87平米,"67,445元/平",haidian
玉海园三里,638万,72.41平米,"88,110元/平",haidian
清缘里中区,380万,59.56平米,"63,802元/平",haidian
智学苑,745万,114.5平米,"65,066元/平",haidian
苏州街77号院,635万,57.8平米,"109,862元/平",haidian
北辰香麓,1360万,248.02平米,"54,835元/平",haidian
国悦府,3350万,396.45平米,"84,500元/平",haidian
领秀新硅谷2号院,1688万,215.97平米,"78,160元/平",haidian
学院南路34号院,1195万,102.3平米,"116,814元/平",haidian
气象西苑,938万,90.23平米,"103,957元/平",haidian
金庄1号院,698万,77.7平米,"89,833元/平",haidian
邮科社区,755万,73.2平米,"103,143元/平",haidian
明光村小区,600万,59.8平米,"100,335元/平",haidian
德胜门西大街甲5号,930万,90.5平米,"102,763元/平",haidian
金沟河2号院,475万,56.4平米,"84,220元/平",haidian
北太平庄路2号院,918万,97.65平米,"94,010元/平",haidian
中关村南大街乙8号,1314万,95.54平米,"137,535元/平",haidian
正源尚峰尚水,965万,124.11平米,"77,754元/平",haidian
知春路82号院,799万,54.3平米,"147,146元/平",haidian
宝盛里,699万,147.74平米,"47,313元/平",haidian
羊坊店路3号院,600万,57.27平米,"104,767元/平",haidian
复兴路61号院,660万,57.6平米,"114,584元/平",haidian
文慧园,670万,61.2平米,"109,478元/平",haidian
领秀新硅谷1号院,899万,95.54平米,"94,097元/平",haidian
新外大街甲25号院,1100万,103平米,"106,797元/平",haidian
碧森里,1120万,131.63平米,"85,087元/平",haidian
城华园,430万,50.71平米,"84,796元/平",haidian
香山清琴麓苑,3500万,373.44平米,"93,724元/平",haidian
厂洼西街10号院,1420万,161.2平米,"88,090元/平",haidian
汤泉逸墅,3456万,312.15平米,"110,717元/平",haidian
甘家口小区,440万,43.3平米,"101,617元/平",haidian
富海中心,625万,66.97平米,"93,326元/平",haidian
高梁桥斜街乙40号院,656万,63平米,"104,127元/平",haidian
人济山庄,1220万,106.24平米,"114,835元/平",haidian
怡秀园小区,1489万,138.72平米,"107,339元/平",haidian
永定路85号院,410万,56.1平米,"73,084元/平",haidian
学院南路6号,564万,57.51平米,"98,070元/平",haidian
西木小区,550万,58.5平米,"94,018元/平",haidian
豪景大厦,1180万,167.54平米,"70,431元/平",haidian
科技大学,615万,57平米,"107,895元/平",haidian
枫丹丽舍,1198万,148.54平米,"80,652元/平",haidian
建设部大院,800万,69.02平米,"115,909元/平",haidian
六建,565万,62.2平米,"90,837元/平",haidian
远大园五区,1240万,110.67平米,"112,045元/平",haidian
怡美家园,1118万,119.96平米,"93,198元/平",haidian
建设部大院,799万,62平米,"128,871元/平",haidian
北洼西里,750万,78平米,"96,154元/平",haidian
永泰东里,489万,60.67平米,"80,600元/平",haidian
水科院,560万,46.3平米,"120,951元/平",haidian
逸成东苑,739万,75.6平米,"97,752元/平",haidian
东王庄,640万,62.9平米,"101,749元/平",haidian
建材城西二里,445万,63.19平米,"70,423元/平",haidian
北三环中路甲43号院,899万,81.08平米,"110,879元/平",haidian
博望园,1030万,100.43平米,"102,559元/平",haidian
安宁里南区,570万,82.97平米,"68,700元/平",haidian
万寿寺北里,565万,54.2平米,"104,244元/平",haidian
碧水云天,2460万,148.69平米,"165,445元/平",haidian
志强北园,528万,47.6平米,"110,925元/平",haidian
定慧北里,439万,47.9平米,"91,650元/平",haidian
八宝庄,405万,42.9平米,"94,406元/平",haidian
月季园,700万,83.67平米,"83,663元/平",haidian
今典花园,515万,55.31平米,"93,112元/平",haidian
今日家园,910万,133.2平米,"68,319元/平",haidian
望塔园,805万,81.52平米,"98,749元/平",haidian
恩济里小区,580万,59.79平米,"97,007元/平",haidian
志强南园,552万,64.8平米,"85,186元/平",haidian
远大园三区,2050万,184.73平米,"110,973元/平",haidian
金谷园,720万,68.46平米,"105,171元/平",haidian
双泉堡125号院,870万,102.93平米,"84,524元/平",haidian
东王庄,635万,63.5平米,"100,000元/平",haidian
美丽西园,730万,81.05平米,"90,068元/平",haidian
菊园,468万,53.9平米,"86,828元/平",haidian
车公庄西路14号院,492万,37.9平米,"129,816元/平",haidian
铁东小区,468万,40.4平米,"115,842元/平",haidian
北京市人民检察院宿舍,550万,57.8平米,"95,156元/平",haidian
翠微路25号院,1120万,112.32平米,"99,716元/平",haidian
福美苑,595万,89.45平米,"66,518元/平",haidian
阳春光华家园,1798万,136.62平米,"131,606元/平",haidian
观山园,3200万,227.22平米,"140,833元/平",haidian
恩济里小区,537万,55.4平米,"96,932元/平",haidian
花园村小区,728万,77.4平米,"94,057元/平",haidian
清缘里中区,636万,89.76平米,"70,856元/平",haidian
学院南路72号院,718万,61.84平米,"116,107元/平",haidian
七贤村,715万,66.4平米,"107,681元/平",haidian
前沙涧路7号院,360万,86.55平米,"41,595元/平",haidian
菊园,450万,52.74平米,"85,325元/平",haidian
钟表南园,555万,58.4平米,"95,035元/平",haidian
文慧园,499万,49.1平米,"101,630元/平",haidian
北太平路16号院,745万,69.2平米,"107,659元/平",haidian
轮胎厂宿舍,365万,50.1平米,"72,855元/平",haidian
永泰东里,488万,60.22平米,"81,037元/平",haidian
玉海园二里,439万,46.81平米,"93,784元/平",haidian
双紫小区,848万,81.64平米,"103,871元/平",haidian
学院南路8号,565万,57.9平米,"97,583元/平",haidian
御墅临枫锦园一区,1230万,129.03平米,"95,327元/平",haidian
永泰园新地标,905万,139.59平米,"64,833元/平",haidian
今日家园,939万,106.94平米,"87,807元/平",haidian
静淑东里,1220万,158.6平米,"76,924元/平",haidian
新康园,635万,102.69平米,"61,837元/平",haidian
东王庄,619万,58平米,"106,725元/平",haidian
水科院,850万,73.2平米,"116,121元/平",haidian
昌运宫,510万,56.62平米,"90,075元/平",haidian
西直门北大街43号院,660万,59平米,"111,865元/平",haidian
北京林业大学校内,520万,56.7平米,"91,711元/平",haidian
皂君庙14号院,1828万,173平米,"105,665元/平",haidian
高第小区,1080万,106.3平米,"101,600元/平",haidian
诚品建筑,1880万,193.74平米,"97,038元/平",haidian
七彩华园,1190万,131.39平米,"90,571元/平",haidian
恩济庄82号院,799万,92.69平米,"86,202元/平",haidian
郦城三区,1599万,142.26平米,"112,400元/平",haidian
北新家园,490万,70.2平米,"69,801元/平",haidian
榆苑公寓,1200万,117.41平米,"102,206元/平",haidian
远大园四区,985万,119.01平米,"82,767元/平",haidian
新街口西里二区,1280万,105.14平米,"121,743元/平",xicheng
荣丰2008,473万,27.86平米,"169,778元/平",xicheng
羊肉胡同120号院,1120万,81.7平米,"137,087元/平",xicheng
冠英园小区,1995万,152.36平米,"130,940元/平",xicheng
北礼士路,790万,63.5平米,"124,410元/平",xicheng
新街口西里三区,1005万,84.86平米,"118,431元/平",xicheng
新街口西里一区,1180万,84.59平米,"139,497元/平",xicheng
北营房西里,750万,57.5平米,"130,435元/平",xicheng
三里河南二巷,789万,54.9平米,"143,716元/平",xicheng
南菜园街1号院,780万,77.78平米,"100,283元/平",xicheng
木樨地,985万,69.4平米,"141,931元/平",xicheng
北礼士路,770万,60.1平米,"128,120元/平",xicheng
新风街,860万,53.5平米,"160,748元/平",xicheng
广南小区,660万,73.96平米,"89,238元/平",xicheng
华龙大厦,1600万,210.44平米,"76,032元/平",xicheng
信和嘉园,2980万,308.5平米,"96,597元/平",xicheng
富国里小区,1155万,80平米,"144,375元/平",xicheng
红莲晴园,1200万,117.67平米,"101,981元/平",xicheng
政泰家园,555万,67.44平米,"82,296元/平",xicheng
新德街35号院,1340万,89.5平米,"149,721元/平",xicheng
车站西街13号院,390万,48.97平米,"79,641元/平",xicheng
青春无限,880万,91.31平米,"96,375元/平",xicheng
玉桃园三区,720万,57.7平米,"124,784元/平",xicheng
远见名苑,1100万,93.25平米,"117,963元/平",xicheng
西黄城根45号院,1132万,65平米,"174,154元/平",xicheng
广安门外大街,606万,58.86平米,"102,957元/平",xicheng
文联宿舍,1200万,80.6平米,"148,884元/平",xicheng
西便门东里,660万,56.66平米,"116,485元/平",xicheng
百万庄中里,605万,41.7平米,"145,084元/平",xicheng
红居南街,888万,93.31平米,"95,167元/平",xicheng
三义里,638万,57.21平米,"111,519元/平",xicheng
新街口西里二区,1200万,101.6平米,"118,111元/平",xicheng
车站西街,516万,49.28平米,"104,708元/平",xicheng
温馨家园,1416万,80.5平米,"175,901元/平",xicheng
西直门外大街,880万,68.6平米,"128,280元/平",xicheng
车站西街15号院,653万,57.41平米,"113,744元/平",xicheng
车站西街17号院,490万,46.8平米,"104,701元/平",xicheng
教场口9号院,1300万,84.68平米,"153,520元/平",xicheng
阜成门北大街,830万,64.2平米,"129,284元/平",xicheng
车站西街9号院,816万,79.22平米,"103,005元/平",xicheng
安德路,950万,68.3平米,"139,093元/平",xicheng
马甸南村,1239万,75平米,"165,200元/平",xicheng
馨莲茗园,920万,95.9平米,"95,934元/平",xicheng
德胜置业,1560万,186.91平米,"83,463元/平",xicheng
月坛北小街1号院,799万,60.1平米,"132,946元/平",xicheng
北营房西里,785万,58.2平米,"134,880元/平",xicheng
建功南里,718万,68.94平米,"104,149元/平",xicheng
六铺炕二区,738万,42.4平米,"174,057元/平",xicheng
铁二区,1050万,69.9平米,"150,215元/平",xicheng
朗琴园,1750万,132.55平米,"132,026元/平",xicheng
新德街35号院,740万,45.3平米,"163,356元/平",xicheng
德胜里一区,1200万,79.7平米,"150,565元/平",xicheng
榆树馆西里,1480万,137.87平米,"107,348元/平",xicheng
新街口西里三区,750万,55.92平米,"134,121元/平",xicheng
阳光丽景,2390万,146.71平米,"162,907元/平",xicheng
三义里,635万,60.31平米,"105,290元/平",xicheng
新安北里,690万,61.32平米,"112,525元/平",xicheng
阜成门南大街,699万,58.2平米,"120,104元/平",xicheng
新街口西里三区,870万,60.71平米,"143,305元/平",xicheng
西直门南大街,1300万,94.2平米,"138,005元/平",xicheng
五路通北街,870万,55.8平米,"155,914元/平",xicheng
裕中东里,998万,77.8平米,"128,278元/平",xicheng
车公庄大街6号院,760万,44.5平米,"170,787元/平",xicheng
西便门东里,650万,59.45平米,"109,336元/平",xicheng
恬心家园,820万,89.2平米,"91,929元/平",xicheng
清芷园,990万,77.36平米,"127,974元/平",xicheng
荣丰2008,542万,30.27平米,"179,056元/平",xicheng
莲花池东路24号院,848万,87.39平米,"97,037元/平",xicheng
大乘巷,1040万,74.3平米,"139,974元/平",xicheng
扣钟北里,790万,65平米,"121,539元/平",xicheng
新外大街10号院,765万,60.4平米,"126,656元/平",xicheng
京师吉地,1550万,91.43平米,"169,529元/平",xicheng
六铺炕一区6号院,1260万,150.1平米,"83,945元/平",xicheng
阜成门南大街,615万,40.1平米,"153,367元/平",xicheng
南纬路南巷9号院,860万,75.23平米,"114,317元/平",xicheng
源屋曲,1170万,106.46平米,"109,901元/平",xicheng
裕中东里,838万,59.1平米,"141,794元/平",xicheng
车站东街15号院,510万,51.92平米,"98,229元/平",xicheng
远见名苑,509万,57.75平米,"88,139元/平",xicheng
胜利三巷,560万,50.22平米,"111,510元/平",xicheng
右安门西街,745万,68.29平米,"109,094元/平",xicheng
新明胡同,710万,45.2平米,"157,080元/平",xicheng
新康街甲一号,1450万,94.01平米,"154,239元/平",xicheng
新外大街甲8号院,1850万,133.5平米,"138,577元/平",xicheng
融城,1860万,157.68平米,"117,961元/平",xicheng
车站西街,610万,57.57平米,"105,958元/平",xicheng
白广路东里1号院,1386万,127.12平米,"109,031元/平",xicheng
南礼士路三条北里,1097万,86.1平米,"127,410元/平",xicheng
南纬路2号院,638万,64.37平米,"99,115元/平",xicheng
双旗杆东里,1310万,82.1平米,"159,562元/平",xicheng
车公庄北里,860万,71.1平米,"120,957元/平",xicheng
铁二区,1080万,70.3平米,"153,628元/平",xicheng
宣武门西大街,640万,52.66平米,"121,535元/平",xicheng
荣丰2008,525万,34.53平米,"152,042元/平",xicheng
红莲中里,610万,58.61平米,"104,078元/平",xicheng
考拉社区,478万,40.42平米,"118,259元/平",xicheng
南纬路,625万,54.15平米,"115,421元/平",xicheng
物华大厦,1080万,157.62平米,"68,520元/平",xicheng
展览路,679万,53.2平米,"127,632元/平",xicheng
广信嘉园,1170万,158.36平米,"73,883元/平",xicheng
新街口西里三区,790万,70.12平米,"112,665元/平",xicheng
双旗杆东里,760万,52.7平米,"144,213元/平",xicheng
京师吉地,986万,57.85平米,"170,441元/平",xicheng
红莲中里,415万,31.7平米,"130,915元/平",xicheng
右安门内西街甲10号院,500万,38.88平米,"128,601元/平",xicheng
手帕口北街,545万,62.34平米,"87,424元/平",xicheng
格调小区,759万,73平米,"103,973元/平",xicheng
三里河南二巷,850万,57.31平米,"148,317元/平",xicheng
后桃园胡同9号院,769万,57.1平米,"134,677元/平",xicheng
车站东街甲9号院,568万,54.64平米,"103,954元/平",xicheng
远见名苑,550万,57.75平米,"95,239元/平",xicheng
乐城,430万,42.88平米,"100,280元/平",xicheng
罗贤胡同,760万,53.5平米,"142,057元/平",xicheng
如意里,499万,48.5平米,"102,887元/平",xicheng
小红庙,515万,52.63平米,"97,853元/平",xicheng
清芷园,995万,80.68平米,"123,327元/平",xicheng
富国里小区,975万,69.3平米,"140,693元/平",xicheng
裕中东里,715万,42.3平米,"169,031元/平",xicheng
塔院胡同12号院,885万,62.9平米,"140,700元/平",xicheng
复兴门外大街,730万,50.7平米,"143,985元/平",xicheng
华仁路小区,619万,65.15平米,"95,012元/平",xicheng
南露园,570万,39.4平米,"144,671元/平",xicheng
新安中里,600万,49.98平米,"120,049元/平",xicheng
南礼士路甲1号,605万,47.9平米,"126,305元/平",xicheng
丽阳四季,920万,91.48平米,"100,569元/平",xicheng
月坛北街,750万,51.8平米,"144,788元/平",xicheng
教场口6号院,789万,52.06平米,"151,556元/平",xicheng
红莲南里,489万,42.86平米,"114,093元/平",xicheng
月坛北街,619万,38.5平米,"160,780元/平",xicheng
似海怡家,820万,80.48平米,"101,889元/平",xicheng
宣武门西大街,595万,46.68平米,"127,464元/平",xicheng
红莲南里,718万,70.26平米,"102,192元/平",xicheng
红莲晴园,695万,65.48平米,"106,140元/平",xicheng
天桥北里,625万,60.48平米,"103,340元/平",xicheng
西便门内大街97号院,591万,57.51平米,"102,765元/平",xicheng
法源寺西里小区,730万,72.31平米,"100,955元/平",xicheng
槐柏树街南里,637万,58.02平米,"109,790元/平",xicheng
玉桃园三区,640万,43.1平米,"148,492元/平",xicheng
复兴门外大街,730万,51.7平米,"141,200元/平",xicheng
牛街西里,768万,75.84平米,"101,266元/平",xicheng
格调小区,600万,56.33平米,"106,516元/平",xicheng
罗贤胡同,848万,58.2平米,"145,705元/平",xicheng
南菜园街1号院,610万,57.14平米,"106,756元/平",xicheng
月坛北街25号院,640万,40.2平米,"159,204元/平",xicheng
广安门外大街,545万,54.34平米,"100,295元/平",xicheng
新街口西里三区,810万,62.49平米,"129,621元/平",xicheng
新外大街甲8号院,935万,66.2平米,"141,239元/平",xicheng
南菜园街1号院,460万,40.37平米,"113,946元/平",xicheng
远见国际公寓,477万,47.71平米,"99,980元/平",xicheng
团结大院,688万,59.2平米,"116,217元/平",xicheng
康城别墅一期,1450万,342.72平米,"42,309元/平",chaoyang
望京西园三区,1095万,148.98平米,"73,500元/平",chaoyang
首开畅心园,310万,71.84平米,"43,152元/平",chaoyang
北辰福第一号院,415万,86.36平米,"48,055元/平",chaoyang
芍药居北里,1166万,130.26平米,"89,514元/平",chaoyang
管庄西里,349万,71.32平米,"48,935元/平",chaoyang
望京新城,660万,89.48平米,"73,760元/平",chaoyang
朝阳新城四区,545万,107.07平米,"50,902元/平",chaoyang
山水蓝维,1130万,150.3平米,"75,183元/平",chaoyang
和乔丽致公寓,649万,79.18平米,"81,966元/平",chaoyang
南沙滩小区,436万,52.9平米,"82,420元/平",chaoyang
华威西里,345万,57.34平米,"60,168元/平",chaoyang
中海城香克林,720万,119.85平米,"60,076元/平",chaoyang
华腾园,685万,98.7平米,"69,403元/平",chaoyang
工体西里,458万,47.59平米,"96,239元/平",chaoyang
潘家园东里,520万,84.49平米,"61,546元/平",chaoyang
沿海赛洛城二期,670万,105.65平米,"63,417元/平",chaoyang
环卫家园,530万,98.89平米,"53,595元/平",chaoyang
奥北南区,280万,84.62平米,"33,090元/平",chaoyang
十里堡北里,428万,69.2平米,"61,850元/平",chaoyang
兴隆家园,460万,66.1平米,"69,592元/平",chaoyang
北京新天地三期,379万,65.54平米,"57,828元/平",chaoyang
远洋天地二期,850万,135.8平米,"62,593元/平",chaoyang
瑞和国际,488万,116.15平米,"42,015元/平",chaoyang
浩鸿园,1100万,124.77平米,"88,163元/平",chaoyang
望京新城,795万,115.45平米,"68,861元/平",chaoyang
小关北里,539万,64.36平米,"83,748元/平",chaoyang
南太平庄北巷,218万,64.36平米,"33,872元/平",chaoyang
左家庄北里,555万,69.12平米,"80,296元/平",chaoyang
农光里,670万,162.41平米,"41,254元/平",chaoyang
建业苑(松榆北路7号院),910万,144.5平米,"62,976元/平",chaoyang
国典华园,1370万,139.71平米,"98,061元/平",chaoyang
十里堡北里,449万,68.96平米,"65,111元/平",chaoyang
卡布其诺,640万,82.76平米,"77,333元/平",chaoyang
通惠家园,510万,85.41平米,"59,712元/平",chaoyang
苹果派,699万,112.77平米,"61,985元/平",chaoyang
国美第一城3号院,548万,79.52平米,"68,914元/平",chaoyang
金隅悦和园,409万,78.29平米,"52,242元/平",chaoyang
雅宝里社区,480万,59.15平米,"81,150元/平",chaoyang
农光东里,350万,56.03平米,"62,467元/平",chaoyang
嘉禾园,571万,78.82平米,"72,444元/平",chaoyang
九龙花园,775万,141.06平米,"54,942元/平",chaoyang
樱花园,680万,75.33平米,"90,270元/平",chaoyang
北苑家园茉藜园,760万,126.67平米,"59,999元/平",chaoyang
国美第一城2号院,719万,117.77平米,"61,052元/平",chaoyang
十里堡北里,308万,58.26平米,"52,867元/平",chaoyang
农光东里,355万,48.41平米,"73,332元/平",chaoyang
住欣家园,305万,70.61平米,"43,196元/平",chaoyang
枣营南里,415万,54.4平米,"76,287元/平",chaoyang
电建南院,380万,69.13平米,"54,969元/平",chaoyang
翠成馨园E区,415万,97.08平米,"42,749元/平",chaoyang
艺水芳园,380万,78.8平米,"48,224元/平",chaoyang
珠江帝景博悦,1080万,92.4平米,"116,884元/平",chaoyang
兴隆家园,611万,107.9平米,"56,627元/平",chaoyang
望京新城,699万,96.47平米,"72,458元/平",chaoyang
翠成馨园E区,370万,78.32平米,"47,243元/平",chaoyang
华源冠军城,710万,81.59平米,"87,021元/平",chaoyang
光熙门北里,490万,60.21平米,"81,382元/平",chaoyang
安慧里二区,620万,66.3平米,"93,515元/平",chaoyang
枣营北里,550万,65.2平米,"84,356元/平",chaoyang
国美第一城2号院,850万,142.4平米,"59,692元/平",chaoyang
世纪村东区,795万,93.82平米,"84,737元/平",chaoyang
柏林爱乐一期,652万,103.27平米,"63,136元/平",chaoyang
利泽西园,710万,105.57平米,"67,254元/平",chaoyang
望京西园三区,610万,82.6平米,"73,850元/平",chaoyang
惠新东街14号院,390万,48.12平米,"81,048元/平",chaoyang
柏林爱乐二期,565万,100.67平米,"56,124元/平",chaoyang
盛和家园,530万,69.52平米,"76,238元/平",chaoyang
平乐园小区,356万,57.9平米,"61,486元/平",chaoyang
柏林爱乐二期,525万,97.66平米,"53,758元/平",chaoyang
晨光家园A区,545万,82.89平米,"65,750元/平",chaoyang
瑞和国际,455万,97平米,"46,908元/平",chaoyang
安慧北里安园,945万,136.64平米,"69,160元/平",chaoyang
纽约豪园,1150万,169.25平米,"67,947元/平",chaoyang
柏林爱乐四期,695万,115.61平米,"60,116元/平",chaoyang
松榆西里,359万,56.89平米,"63,105元/平",chaoyang
八里庄北里小区,386万,63.74平米,"60,559元/平",chaoyang
沿海赛洛城一期,575万,81.37平米,"70,665元/平",chaoyang
国美第一城2号院,720万,115.43平米,"62,376元/平",chaoyang
西坝河中里,679万,77.3平米,"87,840元/平",chaoyang
首开畅心园,310万,71.84平米,"43,152元/平",chaoyang
金地名京,810万,89.83平米,"90,171元/平",chaoyang
甜水园北里,380万,63.38平米,"59,956元/平",chaoyang
金福家园,440万,109.77平米,"40,084元/平",chaoyang
慧忠北里第一社区,455万,59.38平米,"76,626元/平",chaoyang
胜古南里,415万,56平米,"74,108元/平",chaoyang
晨光家园B区,868万,133.96平米,"64,796元/平",chaoyang
融科橄榄城二期,1650万,139.68平米,"118,128元/平",chaoyang
首城国际C区,1470万,140.39平米,"104,709元/平",chaoyang
北京新天地二期,580万,102平米,"56,863元/平",chaoyang
美景东方,606万,82.92平米,"73,083元/平",chaoyang
北苑家园紫绶园,535万,95.05平米,"56,287元/平",chaoyang
东区国际,1090万,146.6平米,"74,352元/平",chaoyang
农光里,535万,79.58平米,"67,228元/平",chaoyang
朝阳园,829万,125.12平米,"66,257元/平",chaoyang
曙光西里,540万,74.58平米,"72,406元/平",chaoyang
北苑家园茉藜园,573万,109.75平米,"52,210元/平",chaoyang
福怡苑,416万,83.9平米,"49,583元/平",chaoyang
甘露晴苑,518万,85.02平米,"60,927元/平",chaoyang
天和人家,580万,75.62平米,"76,700元/平",chaoyang
石佛营东里105号院,425万,64.17平米,"66,231元/平",chaoyang
壹线国际,675万,130.6平米,"51,685元/平",chaoyang
澳林春天四期,2600万,303.97平米,"85,535元/平",chaoyang
慧谷阳光,1080万,110.29平米,"97,924元/平",chaoyang
磨房南里,578万,117.48平米,"49,200元/平",chaoyang
柏林爱乐三期,409万,68.59平米,"59,630元/平",chaoyang
福怡苑,445万,82.41平米,"53,999元/平",chaoyang
柏林爱乐二期,518万,94.32平米,"54,920元/平",chaoyang
安苑东里三区,464万,52.28平米,"88,753元/平",chaoyang
北苑家园茉藜园,830万,149.09平米,"55,672元/平",chaoyang
福怡苑,345万,72.56平米,"47,547元/平",chaoyang
金隅悦和园,415万,78.82平米,"52,652元/平",chaoyang
花园闸小区,285万,51.03平米,"55,850元/平",chaoyang
望京新城,765万,128.96平米,"59,321元/平",chaoyang
金福家园,575万,134.98平米,"42,599元/平",chaoyang
奥林匹克花园一期,1190万,139.07平米,"85,569元/平",chaoyang
兴隆家园,770万,135.17平米,"56,966元/平",chaoyang
远洋一方润园6号院,420万,88.22平米,"47,609元/平",chaoyang
国美第一城3号院,698万,99.31平米,"70,285元/平",chaoyang
劲松七区,295万,50.8平米,"58,071元/平",chaoyang
安慧里二区,625万,65.92平米,"94,812元/平",chaoyang
国美第一城2号院,632万,95.94平米,"65,875元/平",chaoyang
远洋天地二期,838万,116.46平米,"71,957元/平",chaoyang
华阳公寓,739万,127.69平米,"57,875元/平",chaoyang
万象新天四区,555万,93.73平米,"59,213元/平",chaoyang
石佛营西里小区,398万,61.07平米,"65,172元/平",chaoyang
尚东阁,315万,68.5平米,"45,986元/平",chaoyang
南十里居10号院,400万,68.86平米,"58,089元/平",chaoyang
翠成馨园E区,496万,100.95平米,"49,134元/平",chaoyang
后现代城C区,778万,99.19平米,"78,436元/平",chaoyang
安慧里一区,560万,68.47平米,"81,788元/平",chaoyang
京师园,1280万,119.11平米,"107,464元/平",chaoyang
磨房北里,405万,58.47平米,"69,267元/平",chaoyang
三源里街,700万,80.05平米,"87,446元/平",chaoyang
南沙滩小区,345万,40.36平米,"85,481元/平",chaoyang
富力城C区,1050万,92.78平米,"113,171元/平",chaoyang
南十里居10号院,340万,57.08平米,"59,566元/平",chaoyang
华威北里,496万,75.32平米,"65,853元/平",chaoyang
管庄西里,328万,72平米,"45,556元/平",chaoyang
富力又一城C区,840万,155.14平米,"54,145元/平",chaoyang
沿海赛洛城六期,1280万,163.64平米,"78,221元/平",chaoyang
马南里,390万,72.3平米,"53,942元/平",chaoyang
弘善家园,369万,72.23平米,"51,087元/平",chaoyang
季景沁园,1339万,157.57平米,"84,979元/平",chaoyang
东湖湾二期,2040万,167.88平米,"121,516元/平",chaoyang
观筑庭园,1350万,237.51平米,"56,840元/平",chaoyang
国奥村,3500万,287.7平米,"121,655元/平",chaoyang
望京金茂府,3380万,277.98平米,"121,592元/平",chaoyang
远洋新干线,1440万,219.55平米,"65,589元/平",chaoyang
国风北京二期,1360万,145.82平米,"93,266元/平",chaoyang
